{
  "AUDUSD/USDJPY": {
    "pair": "AUDUSD/USDJPY",
    "alpha0": 3.1240903115401393,
    "beta0": -0.015166720813153825,
    "P0": [
      [
        0.02045126473433417,
        -0.00012866728102643873
      ],
      [
        -0.00012866728102643873,
        8.094989350133746e-07
      ]
    ],
    "Q": [
      [
        2.8673107906227774e-09,
        -1.812990655320015e-11
      ],
      [
        -1.812990655350495e-11,
        2.896060265468559e-12
      ]
    ],
    "R": 7.16853600908141e-07,
    "delta_eff": 4.03996054675558e-06,
    "bar_minutes": 15,
    "validation": {
      "adf_pvalue": 0.0,
      "half_life_min": 31.0,
      "n_val_obs": 482
    },
    "status": "REVIEW"
  },
  "USDCAD/USDJPY": {
    "pair": "USDCAD/USDJPY",
    "alpha0": 0.6341825605139765,
    "beta0": 0.004661607846546851,
    "P0": [
      [
        0.004221102371769795,
        -2.65566835188471e-05
      ],
      [
        -2.65566835188471e-05,
        1.670790495804183e-07
      ]
    ],
    "Q": [
      [
        5.918060491982411e-10,
        -3.730161875463639e-12
      ],
      [
        -3.730161875979921e-12,
        2.4046704601477725e-12
      ]
    ],
    "R": 1.479572277955546e-07,
    "delta_eff": 1.6252470365763513e-05,
    "bar_minutes": 15,
    "validation": {
      "adf_pvalue": 0.0,
      "half_life_min": 11.8,
      "n_val_obs": 482
    },
    "status": "REVIEW"
  },
  "USDCHF/USDJPY": {
    "pair": "USDCHF/USDJPY",
    "alpha0": -0.5941625488950723,
    "beta0": 0.008691301876501772,
    "P0": [
      [
        0.01962670707651623,
        -0.0001234796511532187
      ],
      [
        -0.0001234796511532187,
        7.768614157923673e-07
      ]
    ],
    "Q": [
      [
        2.751743804925837e-09,
        -1.7392506967736645e-11
      ],
      [
        -1.7392506967927145e-11,
        1.5735222790998194e-12
      ]
    ],
    "R": 6.879513724229349e-07,
    "delta_eff": 2.287257998422101e-06,
    "bar_minutes": 15,
    "validation": {
      "adf_pvalue": 0.0,
      "half_life_min": 35.3,
      "n_val_obs": 482
    },
    "status": "REVIEW"
  },
  "USDCAD/USDCHF": {
    "pair": "USDCAD/USDCHF",
    "alpha0": 0.7233981162844678,
    "beta0": 0.839874305999649,
    "P0": [
      [
        0.0001868120297466436,
        -0.0002374068049650404
      ],
      [
        -0.0002374068049650404,
        0.0003017080571556504
      ]
    ],
    "Q": [
      [
        2.754499528353028e-10,
        2.086816797654041e-10
      ],
      [
        2.0868167976540678e-10,
        1.7313162349273494e-10
      ]
    ],
    "R": 1.7313162349273492e-07,
    "delta_eff": 0.001,
    "bar_minutes": 15,
    "validation": {
      "adf_pvalue": 0.0007,
      "half_life_min": 98.8,
      "n_val_obs": 482
    },
    "status": "REVIEW"
  },
  "EURGBP/EURUSD": {
    "pair": "EURGBP/EURUSD",
    "alpha0": 0.5679075708572121,
    "beta0": 0.2549737436916225,
    "P0": [
      [
        0.0006338900205054114,
        -0.000545023948914553
      ],
      [
        -0.000545023948914553,
        0.00046861717946450316
      ]
    ],
    "Q": [
      [
        7.7895163904516e-11,
        8.168901214133729e-11
      ],
      [
        8.168901214137909e-11,
        1.0276886891884233e-10
      ]
    ],
    "R": 1.0276886891884235e-07,
    "delta_eff": 0.0009999999999999998,
    "bar_minutes": 15,
    "validation": {
      "adf_pvalue": 0.00027,
      "half_life_min": 93.6,
      "n_val_obs": 482
    },
    "status": "REVIEW"
  }
}